{"_step":49,"epoch":50,"time_s":9.976166486740112,"val/r2":0.6530618256280707,"_timestamp":1.7744979559794495e+09,"val/best_r2":0.6876299162694082,"r2/best_val":0.6876299162694082,"_wandb":{"runtime":557},"_runtime":557,"best_epoch":29,"lr":5e-06,"train/loss":0.006429911799684855,"r2/full_val":0.45636106455247283}