{"r2/best_val":0.6729452830381926,"epoch":50,"lr/head":5e-06,"val/best_r2":0.6729452830381926,"time_s":11.83794903755188,"val/r2":0.6652350368074632,"train/cons_loss":0.0034092056154328455,"best_epoch":28,"_wandb":{"runtime":621},"_runtime":621,"_step":49,"r2/full_val":0.563569383959827,"train/vel_loss":0.0002982550730456359,"lr/encoder":1.0000000000000001e-07,"_timestamp":1.7748091202516146e+09,"train/pos_loss":0.022251576691440813,"train/loss":0.023253005619782646}