{"val/best_r2":0.8119588632566498,"_wandb":{"runtime":2684},"_step":49,"epoch":50,"best_epoch":42,"lr/encoder":1.0000000000000001e-07,"train/pos_loss":0.014222682605612021,"_timestamp":1.7748131110365136e+09,"r2/full_val":0.6980059649064886,"val/r2":0.8114280247989605,"r2/best_val":0.8119588632566498,"train/vel_loss":0.00023796615518874759,"time_s":49.90413737297058,"lr/head":5e-06,"train/cons_loss":0.0018180282051254225,"train/loss":0.014796172733421738,"_runtime":2684}