{"lr/encoder":1.0000000000000001e-07,"time_s":23.800074338912964,"train/vel_loss":0.0003250253034851187,"_runtime":1247,"best_epoch":41,"_timestamp":1.7748093048120322e+09,"train/pos_loss":0.024984783528446658,"train/loss":0.02611679587951115,"val/best_r2":0.460231795905978,"_step":49,"epoch":50,"r2/full_val":0.36125951951938634,"_wandb":{"runtime":1247},"r2/best_val":0.460231795905978,"train/cons_loss":0.0038779988022989882,"val/r2":0.45771930286236673,"lr/head":5e-06}