{"time_s":16.23489212989807,"r2/best_val":0.641829070349464,"_wandb":{"runtime":650},"train/loss":0.005877750942475541,"_step":39,"_timestamp":1.7744996879019003e+09,"_runtime":650,"val/r2":0.624240149416692,"val/best_r2":0.641829070349464,"lr":5e-06,"r2/full_val":0.40391280397799706,"best_epoch":14,"epoch":40}