{"lr/head":5e-06,"lr/encoder":1.0000000000000001e-07,"val/r2":0.852440214613901,"_wandb":{"runtime":5999},"train/pos_loss":0.010300393522083545,"train/cons_loss":0.0018313717292000977,"train/loss":0.010872735058225056,"_timestamp":1.7748180882655082e+09,"best_epoch":40,"r2/full_val":0.7295909950358977,"time_s":118.47405195236206,"train/vel_loss":0.00022899720459179903,"epoch":50,"_runtime":5999,"_step":49,"r2/best_val":0.853970228977856,"val/best_r2":0.853970228977856}