{"lr/head":5e-06,"time_s":102.09055042266846,"epoch":50,"train/vel_loss":0.00023370329940045317,"_wandb":{"runtime":5121},"val/r2":0.845990556478829,"_timestamp":1.7748165076317024e+09,"val/best_r2":0.846611064829279,"_runtime":5121,"r2/best_val":0.846611064829279,"train/loss":0.01163008957346198,"r2/full_val":0.7159323154942562,"best_epoch":44,"train/pos_loss":0.011057449050824864,"train/cons_loss":0.0018231554621610105,"_step":49,"lr/encoder":1.0000000000000001e-07}