{"epoch":50,"train/vel_loss":0.0002707063662322228,"train/cons_loss":0.0027056736385852273,"val/best_r2":0.7480961217714734,"_timestamp":1.7748120278129616e+09,"r2/full_val":0.6414337634348561,"_runtime":1219,"lr/encoder":1.0000000000000001e-07,"r2/best_val":0.7480961217714734,"train/loss":0.017167110286563425,"time_s":23.70154571533203,"lr/head":5e-06,"best_epoch":39,"_step":49,"val/r2":0.7466493216836116,"_wandb":{"runtime":1219},"train/pos_loss":0.016355338705721385}