{"_timestamp":1.774498909671687e+09,"r2/full_val":0.4721929688135723,"r2/best_val":0.6746606098975058,"_runtime":762,"train/loss":0.004452777392241931,"val/r2":0.5784862220169531,"best_epoch":16,"_step":49,"epoch":50,"val/best_r2":0.6746606098975058,"lr":2.9999999999999997e-06,"time_s":14.529366254806519,"_wandb":{"runtime":762}}