{"_step":59,"epoch":60,"lr/0":2.9999999999999997e-06,"_timestamp":1.774722603356073e+09,"train/loss":0.007572246410320768,"train/w_vel":0.0007105656124805986,"lr/1":2.9999999999999997e-06,"best_epoch":40,"r2/full_val":0.5940770965963644,"time_s":33.588825702667236,"train/w_pos":0.006510941830646771,"_wandb":{"runtime":2091},"_runtime":2091,"val/best_r2":0.7147803424399599,"train/vel_loss":0.00017764140312014965,"train/cons_loss":0.0007014779602082409,"train/pos_loss":0.006510941830646771,"val/r2":0.7111748657491073,"r2/best_val":0.7147803424399599,"train/w_cons":0.00035073898010412044}