{"epoch":50,"r2/full_val":0.5186801953776365,"lr/encoder":1.0000000000000001e-07,"lr/head":5e-06,"_runtime":4218,"train/vel_loss":0.00029376903787606414,"_timestamp":1.7748123135906184e+09,"train/cons_loss":0.003179482048090002,"val/r2":0.6226357337105863,"_step":49,"train/pos_loss":0.018933465390662,"_wandb":{"runtime":4218},"train/loss":0.019875220418260682,"val/best_r2":0.6261793150279569,"best_epoch":41,"r2/best_val":0.6261793150279569,"time_s":83.37016367912292}