{
  "d_model": 256,
  "nhead": 4,
  "num_layers": 4,
  "d_ff": 512,
  "max_seq_len": 128,
  "dropout": 0.05,
  "warmup_epochs": 5,
  "epochs": 50,
  "batch_size": 64,
  "lr": 0.0005,
  "best_val_r2": 0.6376366900782771,
  "best_epoch": 2,
  "full_val_r2": 0.45505028813708875
}