{"best_epoch":44,"_step":49,"train/cons_loss":0.001810821138733868,"val/r2":0.7988896913939051,"lr/encoder":1.0000000000000001e-07,"time_s":47.71139645576477,"_runtime":2439,"r2/best_val":0.7993304499876861,"r2/full_val":0.6851918248956463,"epoch":50,"val/best_r2":0.7993304499876861,"_timestamp":1.7748105768931758e+09,"train/vel_loss":0.00024293584420500042,"lr/head":5e-06,"_wandb":{"runtime":2439},"train/pos_loss":0.015174470262205928,"train/loss":0.01574864347644794}