{"best_epoch":38,"val/best_r2":0.7287135893308823,"_step":49,"time_s":18.890899658203125,"r2/best_val":0.7287135893308823,"_runtime":1009,"_wandb":{"runtime":1009},"val/r2":0.7260268241574171,"epoch":50,"_timestamp":1.7747187166794603e+09,"train/cons_loss":0.0024263143163635176,"train/pos_loss":0.01861687585348256,"lr/encoder":1.0000000000000001e-07,"lr/head":5e-06,"train/loss":0.019343085461697638,"r2/full_val":0.6076706195668228,"train/vel_loss":0.00023926206419346097}