{"train/cons_loss":0.00441416146947589,"lr/head":5e-06,"val/r2":0.11373438452591109,"_runtime":2476,"_step":49,"best_epoch":36,"_wandb":{"runtime":2476},"train/vel_loss":0.0003380862587757581,"r2/best_val":0.11647601073384059,"time_s":48.50142192840576,"train/pos_loss":0.027082876094142037,"_timestamp":1.7748119141767962e+09,"train/loss":0.028355459571624827,"val/best_r2":0.11647601073384059,"r2/full_val":0.030848217334921935,"lr/encoder":1.0000000000000001e-07,"epoch":50}