{"val/r2":-0.133127865750835,"train/vel_loss":0.0003741384948489485,"train/loss":0.03860622471915986,"epoch":50,"train/pos_loss":0.037002772193201285,"_runtime":1090,"_step":49,"val/best_r2":-0.0560895501493982,"lr/encoder":1.0000000000000001e-07,"_wandb":{"runtime":1090},"_timestamp":1.774809240424334e+09,"r2/best_val":-0.0560895501493982,"r2/full_val":-0.11776399239833102,"best_epoch":30,"time_s":21.05061984062195,"lr/head":5e-06,"train/cons_loss":0.005665532982501084}