{"r2/full_val":0.7080425470017983,"train/vel_loss":0.0002309134680353189,"best_epoch":47,"epoch":50,"val/r2":0.8288067631974501,"time_s":93.23229193687439,"lr/encoder":1.0000000000000001e-07,"lr/head":5e-06,"train/cons_loss":0.0015996219781639481,"val/best_r2":0.8293268106616668,"_runtime":4754,"train/loss":0.01346882153952461,"train/pos_loss":0.012953459304236232,"r2/best_val":0.8293268106616668,"_timestamp":1.774812876941566e+09,"_step":49,"_wandb":{"runtime":4754}}