{"_step":49,"epoch":50,"val/best_r2":0.4630591115723903,"_timestamp":1.7747499690532658e+09,"r2/best_val":0.4630591115723903,"time_s":20.190654516220093,"r2/full_val":0.3754929053214705,"lr/encoder":1.0000000000000001e-07,"val/r2":0.4493638046105406,"train/pos_loss":0.02537618689537347,"train/cons_loss":0.0041408996073038756,"lr/head":5e-06,"train/vel_loss":0.00032219890470348963,"_runtime":1039,"_wandb":{"runtime":1039},"best_epoch":40,"train/loss":0.0265725112508039}