{"train/loss":0.01493632174337676,"train/vel_loss":0.00025667661781334416,"_step":49,"best_epoch":49,"_wandb":{"runtime":2465},"val/best_r2":0.8056043026958474,"lr/encoder":1.0000000000000001e-07,"r2/best_val":0.8056043026958474,"train/pos_loss":0.01425960399915912,"time_s":47.59146785736084,"val/r2":0.8050583109907317,"_timestamp":1.7748133298346047e+09,"r2/full_val":0.6815282323561181,"train/cons_loss":0.0021935177583627045,"_runtime":2465,"lr/head":5e-06,"epoch":50}