{"train/loss":0.01346882153952461,"lr/head":5e-06,"train/vel_loss":0.0002309134680353189,"r2/full_val":0.7080425470017983,"time_s":92.58027362823486,"val/best_r2":0.8293268106616668,"best_epoch":47,"lr/encoder":1.0000000000000001e-07,"train/pos_loss":0.012953459304236232,"_timestamp":1.774815463147751e+09,"r2/best_val":0.8293268106616668,"_wandb":{"runtime":4729},"_step":49,"_runtime":4729,"epoch":50,"val/r2":0.8288067631974501,"train/cons_loss":0.0015996219781639481}