{"lr/head":5e-06,"_runtime":2624,"_timestamp":1.7748126828338635e+09,"train/cons_loss":0.001810821138733868,"train/vel_loss":0.00024293584420500042,"best_epoch":44,"_step":49,"val/r2":0.7988896913939051,"time_s":50.99913763999939,"r2/best_val":0.7993304499876861,"train/loss":0.01574864347644794,"_wandb":{"runtime":2624},"val/best_r2":0.7993304499876861,"lr/encoder":1.0000000000000001e-07,"train/pos_loss":0.015174470262205928,"r2/full_val":0.6851918248956463,"epoch":50}