{"val/r2":0.4612911286896233,"train/loss":0.02419316098063148,"lr/encoder":1.0000000000000001e-07,"r2/best_val":0.4686985664209138,"_timestamp":1.7748105865457635e+09,"lr/head":5e-06,"time_s":21.908915996551514,"val/best_r2":0.4686985664209138,"best_epoch":37,"train/pos_loss":0.023028949818370358,"_wandb":{"runtime":1147},"train/vel_loss":0.0003156681211131574,"r2/full_val":0.3832855781308497,"_step":49,"train/cons_loss":0.0040255084333922836,"_runtime":1147,"epoch":50}