{"r2/full_val":0.36125945016618377,"best_epoch":41,"time_s":22.375181913375854,"val/r2":0.4577186874790874,"_step":49,"train/cons_loss":0.003877998787072481,"_runtime":1191,"train/vel_loss":0.00032502529688375315,"epoch":50,"r2/best_val":0.4602317021545771,"lr/encoder":1.0000000000000001e-07,"_timestamp":1.7748104850968845e+09,"_wandb":{"runtime":1191},"lr/head":5e-06,"train/pos_loss":0.0249847837489419,"val/best_r2":0.4602317021545771,"train/loss":0.026116796090754846}