{"_step":49,"train/w_vel":0.00043989825082856916,"lr/1":4.000000000000001e-06,"epoch":50,"lr/0":1.0000000000000001e-07,"train/w_pos":0.01723307099247368,"train/vel_loss":0.00021994912541428458,"_wandb":{"runtime":1597},"val/r2":0.6262857577255176,"_timestamp":1.774721636466634e+09,"train/loss":0.018337978446356335,"val/best_r2":0.6362478636480504,"time_s":31.210374116897583,"train/pos_loss":0.01723307099247368,"train/w_cons":0.0006650091686618486,"r2/best_val":0.6362478636480504,"_runtime":1597,"train/cons_loss":0.0026600366746473945,"best_epoch":33,"r2/full_val":0.572689953610447}