{"r2/best_val":0.7537989170007289,"lr/encoder":1.0000000000000001e-07,"epoch":50,"lr/head":5e-06,"_step":49,"_wandb":{"runtime":1220},"train/cons_loss":0.0022177346752963976,"time_s":23.293592929840088,"train/pos_loss":0.017579794119677705,"train/vel_loss":0.0002542609149948946,"r2/full_val":0.6259376845744752,"_timestamp":1.7748093577838435e+09,"train/loss":0.018261358226632666,"best_epoch":42,"val/best_r2":0.7537989170007289,"val/r2":0.7536723843769105,"_runtime":1220}