{"train/cons_loss":0.0029141965653871433,"time_s":26.062522649765015,"_step":49,"_wandb":{"runtime":1361},"best_epoch":42,"r2/best_val":0.733695505512065,"_timestamp":1.7748099492436278e+09,"lr/head":5e-06,"epoch":50,"lr/encoder":1.0000000000000001e-07,"val/best_r2":0.733695505512065,"r2/full_val":0.617881817889037,"train/loss":0.01881147889445777,"train/pos_loss":0.017942908770512415,"val/r2":0.7326137939265218,"train/vel_loss":0.00028004199029753904,"_runtime":1361}