{"_wandb":{"runtime":557},"_runtime":557,"r2/best_val":0.684189913344917,"val/r2":0.5760355406561029,"_timestamp":1.774497750151337e+09,"best_epoch":7,"lr":2.9999999999999997e-06,"time_s":10.738075971603394,"epoch":50,"val/best_r2":0.684189913344917,"train/loss":0.005423629168264976,"_step":49,"r2/full_val":0.4714675384229659}