{
  "d_model": 256,
  "nhead": 4,
  "num_layers": 4,
  "d_ff": 512,
  "max_seq_len": 128,
  "dropout": 0.15,
  "warmup_epochs": 5,
  "epochs": 50,
  "batch_size": 64,
  "lr": 0.0005,
  "best_val_r2": 0.6876299162694082,
  "best_epoch": 29,
  "full_val_r2": 0.45636106455247283
}