{
  "d_model": 256,
  "nhead": 4,
  "num_layers": 4,
  "d_ff": 512,
  "max_seq_len": 128,
  "dropout": 0.1,
  "warmup_epochs": 5,
  "epochs": 50,
  "batch_size": 64,
  "lr": 0.0003,
  "best_val_r2": 0.684189913344917,
  "best_epoch": 7,
  "full_val_r2": 0.4714675384229659
}