{"val/r2":0.6690121023268515,"r2/best_val":0.6716179184598748,"_timestamp":1.774749090648436e+09,"train/cons_loss":0.0034120784903707746,"_step":49,"train/loss":0.023289862504644734,"best_epoch":42,"val/best_r2":0.6716179184598748,"lr/encoder":1.0000000000000001e-07,"train/vel_loss":0.0002988582384388976,"_runtime":1112,"_wandb":{"runtime":1112},"r2/full_val":0.5622771280787451,"epoch":50,"train/pos_loss":0.022287413794864284,"time_s":21.17376446723938,"lr/head":5e-06}