{"_timestamp":1.7744987291208694e+09,"time_s":10.042392015457153,"r2/best_val":0.6563331183501933,"val/best_r2":0.6563331183501933,"best_epoch":6,"epoch":50,"_step":49,"_wandb":{"runtime":575},"train/loss":0.006742787017225899,"r2/full_val":0.42416536761960966,"val/r2":0.54640359022319,"_runtime":575,"lr":1e-05}