{"r2/full_val":0.23924500116370137,"lr/head":5e-06,"val/best_r2":0.32774696307064344,"best_epoch":31,"train/pos_loss":0.032879198516557316,"time_s":18.59610605239868,"_step":49,"lr/encoder":1.0000000000000001e-07,"train/vel_loss":0.00035207264283123593,"train/loss":0.034280748067501775,"epoch":50,"_runtime":964,"train/cons_loss":0.004902052625218135,"r2/best_val":0.32774696307064344,"_wandb":{"runtime":964},"val/r2":0.31735850143647903,"_timestamp":1.774809028337169e+09}