{"r2/best_val":0.7219768956322513,"epoch":50,"val/r2":0.7191713314913957,"best_epoch":37,"lr/0":1.0000000000000001e-07,"_step":49,"_runtime":1027,"train/vel_loss":0.0002233149848782137,"train/w_vel":0.0008932599395128548,"lr/1":5e-06,"train/loss":0.022095674425993927,"train/cons_loss":0.0019055084546946897,"val/best_r2":0.7219768956322513,"r2/full_val":0.5865083875551139,"train/w_pos":0.020249660267201187,"train/w_cons":0.0009527542273473448,"_timestamp":1.7747213104236257e+09,"train/pos_loss":0.020249660267201187,"time_s":20.456493139266968,"_wandb":{"runtime":1027}}