{"time_s":42.87964200973511,"r2/full_val":0.659740072904732,"epoch":50,"val/best_r2":0.7808277776227076,"_runtime":2192,"r2/best_val":0.7808277776227076,"train/loss":0.015559275154361939,"train/cons_loss":0.0020176017376479977,"lr/head":5e-06,"best_epoch":50,"lr/encoder":1.0000000000000001e-07,"train/vel_loss":0.00024283390793146596,"_step":49,"_wandb":{"runtime":2192},"val/r2":0.7808277776227076,"train/pos_loss":0.014933457760250088,"_timestamp":1.7748104847236538e+09}