{"r2/full_val":0.4699011304823725,"_runtime":466,"lr":5e-06,"_timestamp":1.7744995292186208e+09,"_step":39,"_wandb":{"runtime":466},"train/loss":0.006313825114685182,"time_s":11.616214036941528,"r2/best_val":0.6853714911560416,"best_epoch":8,"epoch":40,"val/r2":0.6282460913232367,"val/best_r2":0.6853714911560416}