{"_timestamp":1.7748120864232213e+09,"time_s":24.91653299331665,"epoch":50,"lr/head":5e-06,"train/pos_loss":0.017774871476720796,"_step":49,"best_epoch":48,"r2/full_val":0.6333369599657307,"val/best_r2":0.7460194791582941,"r2/best_val":0.7460194791582941,"train/vel_loss":0.0002788605901682773,"_runtime":1275,"train/loss":0.01858239033468429,"val/r2":0.7443245649047878,"train/cons_loss":0.0026723542610899522,"_wandb":{"runtime":1275},"lr/encoder":1.0000000000000001e-07}