{"_step":49,"train/pos_loss":0.01777487156170253,"val/best_r2":0.7460195842801195,"r2/full_val":0.6333369939484054,"train/loss":0.01858239043318585,"best_epoch":48,"_wandb":{"runtime":1382},"train/vel_loss":0.0002788605821348475,"lr/encoder":1.0000000000000001e-07,"_timestamp":1.774809866445086e+09,"val/r2":0.7443246931394121,"_runtime":1382,"train/cons_loss":0.0026723543359318223,"r2/best_val":0.7460195842801195,"lr/head":5e-06,"epoch":50,"time_s":27.36816096305847}