{"r2/best_val":0.03998100085789307,"best_epoch":37,"_timestamp":1.7748119830331926e+09,"_wandb":{"runtime":2407},"train/loss":0.02574490634909529,"time_s":47.491979360580444,"train/vel_loss":0.0003308377481697494,"train/pos_loss":0.024402846716381363,"epoch":50,"lr/head":5e-06,"val/r2":0.005540705277342822,"_step":49,"lr/encoder":1.0000000000000001e-07,"r2/full_val":0.013802839987497175,"_runtime":2407,"train/cons_loss":0.004706563020205211,"val/best_r2":0.03998100085789307}