{"val/r2":0.5754700615844773,"_wandb":{"runtime":564},"_timestamp":1.7744977572444868e+09,"val/best_r2":0.6491511848284757,"train/loss":0.005051143998110109,"best_epoch":18,"_step":49,"lr":5e-06,"r2/best_val":0.6491511848284757,"_runtime":564,"epoch":50,"time_s":10.44051218032837,"r2/full_val":0.4273487297567918}