{"lr":5e-06,"_runtime":546,"_step":49,"_wandb":{"runtime":546},"val/r2":0.5697998979000829,"_timestamp":1.7744986863031921e+09,"val/best_r2":0.6376366900782771,"r2/best_val":0.6376366900782771,"epoch":50,"time_s":11.072412014007568,"r2/full_val":0.45505028813708875,"train/loss":0.0038514397458186338,"best_epoch":2}