{"_runtime":4945,"_timestamp":1.7748156777000866e+09,"time_s":98.6679196357727,"lr/head":5e-06,"_step":49,"best_epoch":45,"train/loss":0.012679692921872933,"r2/full_val":0.7266254068943244,"val/r2":0.8433572333394681,"_wandb":{"runtime":4945},"r2/best_val":0.8434686770442892,"train/vel_loss":0.00022721363594557716,"train/pos_loss":0.012163644746885378,"val/best_r2":0.8434686770442892,"train/cons_loss":0.0016097654231874668,"epoch":50,"lr/encoder":1.0000000000000001e-07}