{"_wandb":{"runtime":4247},"lr/head":5e-06,"val/best_r2":0.6342011934297964,"time_s":83.43368721008301,"_timestamp":1.774813529063605e+09,"train/loss":0.018285368896761238,"best_epoch":45,"train/pos_loss":0.017335898572001924,"val/r2":0.6314647846143886,"_step":49,"train/cons_loss":0.0032308577977650855,"r2/full_val":0.5496433425523695,"_runtime":4247,"epoch":50,"lr/encoder":1.0000000000000001e-07,"r2/best_val":0.6342011934297964,"train/vel_loss":0.0002835117291854382}