{"train/loss":0.028355459522283234,"r2/full_val":0.030848621879891076,"epoch":50,"val/r2":0.11373450355749336,"train/vel_loss":0.00033808625728201847,"train/pos_loss":0.02708287608180664,"_step":49,"r2/best_val":0.11647629231667762,"lr/head":5e-06,"best_epoch":36,"val/best_r2":0.11647629231667762,"_timestamp":1.7748106402525115e+09,"_runtime":2482,"time_s":47.83879518508911,"lr/encoder":1.0000000000000001e-07,"_wandb":{"runtime":2482},"train/cons_loss":0.004414161442299466}