{"_step":29,"train/loss":0.003669000223218914,"r2/full_val":0.49766814129306597,"best_epoch":13,"_runtime":353,"val/best_r2":0.7044814861689953,"r2/best_val":0.7044814861689953,"val/r2":0.6734815974449122,"epoch":30,"_timestamp":1.7744968664781573e+09,"_wandb":{"runtime":353},"lr":5e-06,"time_s":9.568021774291992}