{"val/best_r2":0.6258375580766019,"epoch":50,"lr/head":4.000000000000001e-06,"_timestamp":1.7747193263059907e+09,"r2/full_val":0.5614519107937809,"val/r2":0.6117088214762345,"best_epoch":28,"r2/best_val":0.6258375580766019,"_wandb":{"runtime":822},"time_s":15.595767736434937,"train/pos_loss":0.019381532338233986,"train/loss":0.02024816321231587,"_step":49,"_runtime":822,"train/cons_loss":0.00371498091027777,"train/vel_loss":0.0002472694489323871,"lr/encoder":1.0000000000000001e-07}