{"val/best_r2":0.6963444239759178,"_runtime":451,"_step":39,"lr/encoder":1.0000000000000001e-07,"epoch":40,"r2/full_val":0.5215775002572209,"_wandb":{"runtime":451},"lr/head":5e-06,"time_s":10.942553520202637,"val/r2":0.6922044428146332,"r2/best_val":0.6963444239759178,"best_epoch":28,"_timestamp":1.7744926903732553e+09,"train/loss":0.021352771733648412}