{"epoch":60,"train/vel_loss":0.00019752227670384015,"train/pos_loss":0.0061111411302651394,"_step":59,"_wandb":{"runtime":1595},"train/cons_loss":0.0008377863404620214,"lr":2.9999999999999997e-06,"train/loss":0.006419348855421103,"_timestamp":1.7747201818105142e+09,"best_epoch":49,"_runtime":1595,"time_s":25.63631248474121,"val/r2":0.7400669403768082,"r2/full_val":0.6098576555238636,"val/best_r2":0.7410555414443083,"r2/best_val":0.7410555414443083}