{"r2/full_val":0.5949099350133454,"lr/1":5e-06,"_wandb":{"runtime":1038},"val/best_r2":0.7180776927985285,"epoch":50,"_step":49,"lr/0":1.0000000000000001e-07,"_timestamp":1.7747213662833264e+09,"train/loss":0.020560344394467512,"best_epoch":42,"train/vel_loss":0.00021874100809278398,"train/w_pos":0.01870714863694718,"train/pos_loss":0.01870714863694718,"r2/best_val":0.7180776927985285,"train/cons_loss":0.0019564634747352935,"time_s":19.659496068954468,"train/w_cons":0.0009782317373676467,"train/w_vel":0.0008749640323711359,"_runtime":1038,"val/r2":0.7159021784959081}