{"_step":49,"best_epoch":41,"_runtime":4214,"_wandb":{"runtime":4214},"val/best_r2":0.6261791954116431,"train/pos_loss":0.018933465290229035,"time_s":84.12055349349976,"lr/head":5e-06,"train/cons_loss":0.00317948211568911,"epoch":50,"_timestamp":1.774813440839029e+09,"lr/encoder":1.0000000000000001e-07,"r2/best_val":0.6261791954116431,"val/r2":0.622634927463981,"train/vel_loss":0.00029376904671223335,"train/loss":0.019875220338686873,"r2/full_val":0.5186804604744656}