{"epoch":50,"lr/encoder":1.0000000000000001e-07,"train/vel_loss":0.0002581441940978427,"_timestamp":1.77481111441053e+09,"train/cons_loss":0.0024424628139603833,"val/best_r2":0.7763508311616083,"best_epoch":47,"time_s":44.218257188797,"train/pos_loss":0.013599402239842961,"r2/full_val":0.6562197135692738,"_wandb":{"runtime":2264},"train/loss":0.014339090045286875,"_runtime":2264,"r2/best_val":0.7763508311616083,"lr/head":5e-06,"val/r2":0.7755991647925145,"_step":49}