{"val/r2":0.805082505730986,"best_epoch":49,"train/loss":0.014936328558264904,"time_s":46.59993052482605,"_runtime":2374,"r2/best_val":0.8056253251284508,"train/pos_loss":0.014259605381039925,"_timestamp":1.7748108934948149e+09,"lr/encoder":1.0000000000000001e-07,"r2/full_val":0.6815730581687122,"_step":49,"val/best_r2":0.8056253251284508,"train/vel_loss":0.0002566782300187839,"_wandb":{"runtime":2374},"train/cons_loss":0.002193536277363269,"epoch":50,"lr/head":5e-06}