{"train/vel_loss":0.00017975266555521756,"epoch":60,"_wandb":{"runtime":1612},"r2/full_val":0.5984226480030549,"val/best_r2":0.7281762370191998,"r2/best_val":0.7281762370191998,"train/pos_loss":0.006270007578555515,"train/cons_loss":0.0007094695250350625,"lr/0":2.9999999999999997e-06,"val/r2":0.7259069577051971,"_runtime":1612,"lr/1":2.9999999999999997e-06,"time_s":26.119065761566162,"train/w_vel":0.0007190106622208702,"train/w_pos":0.006270007578555515,"_timestamp":1.774722054147437e+09,"train/w_cons":0.00035473476251753126,"_step":59,"best_epoch":39,"train/loss":0.007343753004607224}