{"epoch":50,"time_s":50.57170033454895,"_step":49,"r2/best_val":0.8148041189593505,"train/vel_loss":0.0002493241764745845,"train/cons_loss":0.0022368242946950528,"_runtime":2566,"_timestamp":1.7748136688043506e+09,"lr/encoder":1.0000000000000001e-07,"lr/head":5e-06,"_wandb":{"runtime":2566},"val/r2":0.8146521637376423,"r2/full_val":0.6955867890188578,"best_epoch":41,"train/loss":0.013815342417861046,"train/pos_loss":0.013131474252719277,"val/best_r2":0.8148041189593505}