{"_runtime":855,"_wandb":{"runtime":855},"time_s":16.10431671142578,"train/w_vel":0.0004598801706943475,"epoch":50,"lr/0":1.0000000000000001e-07,"train/w_pos":0.019433687773505397,"r2/full_val":0.5610999815156328,"train/loss":0.02078830097155836,"r2/best_val":0.5993475137884986,"lr/1":4.000000000000001e-06,"train/vel_loss":0.00022994008534717376,"val/best_r2":0.5993475137884986,"best_epoch":39,"train/pos_loss":0.019433687773505397,"_step":49,"train/cons_loss":0.003578932114593883,"val/r2":0.5919724101716538,"train/w_cons":0.0008947330286484707,"_timestamp":1.7747209545360017e+09}