{
  "d_model": 256,
  "nhead": 4,
  "num_layers": 4,
  "d_ff": 512,
  "max_seq_len": 128,
  "dropout": 0.1,
  "warmup_epochs": 5,
  "epochs": 50,
  "batch_size": 64,
  "lr": 0.0005,
  "best_val_r2": 0.6491511848284757,
  "best_epoch": 18,
  "full_val_r2": 0.4273487297567918
}