{"train/pos_loss":0.025376186740619165,"epoch":50,"_wandb":{"runtime":1025},"_runtime":1025,"train/loss":0.026572511088591558,"train/cons_loss":0.004140899625016717,"val/r2":0.44936380032713247,"_step":49,"time_s":20.13193154335022,"lr/head":5e-06,"r2/best_val":0.46305910910105563,"_timestamp":1.7748091357423081e+09,"best_epoch":40,"train/vel_loss":0.00032219890538811425,"val/best_r2":0.46305910910105563,"r2/full_val":0.3754930052386588,"lr/encoder":1.0000000000000001e-07}